FirstName,LastName,fullname,Document,BirthDate,campaign
Miguel,Adams,Miguel Adams,AW00011659,20/10/1974,Mountain-100 Clearance Sale
Miranda,Gonzales,Miranda Gonzales,AW00011660,19/01/1980,Sport Helmet Discount-2002
Jeremiah,James,Jeremiah James,AW00011661,03/01/1981,Road-650 Overstock
Ethan,Kumar,Ethan Kumar,AW00011662,01/01/1976,Mountain Tire Sale
Seth,Williams,Seth Williams,AW00011663,25/08/1975,Sport Helmet Discount-2003
Alyssa,Morgan,Alyssa Morgan,AW00011664,09/08/1975,Mountain-100 Clearance Sale
Janet,Dominguez,Janet Dominguez,AW00011665,11/06/1976,Sport Helmet Discount-2003
Angel,Baker,Angel Baker,AW00011666,13/12/1981,Road-650 Overstock
Blake,Moore,Blake Moore,AW00011667,18/12/1972,Mountain Tire Sale
Jada,Collins,Jada Collins,AW00011668,02/03/1984,Sport Helmet Discount-2004
Isabella,Simmons,Isabella Simmons,AW00011669,17/10/1978,Mountain-100 Clearance Sale
Jacqueline,Perry,Jacqueline Perry,AW00011670,15/04/1973,Sport Helmet Discount-2004
Jessica,Brown,Jessica Brown,AW00011671,15/11/1971,Road-650 Overstock
Chad,Jai,Chad Jai,AW00011672,20/03/1972,Mountain Tire Sale
Susan,Ye,Susan Ye,AW00011673,03/02/1977,Sport Helmet Discount-2005
Morgan,Rogers,Morgan Rogers,AW00011674,15/02/1972,Mountain-100 Clearance Sale
Devin,Martinez,Devin Martinez,AW00011675,29/01/1977,Sport Helmet Discount-2005
Alan,Hu,Alan Hu,AW00011676,13/08/1971,Road-650 Overstock
Charles,Walker,Charles Walker,AW00011677,10/10/1980,Mountain Tire Sale
Johnny,Chavez,Johnny Chavez,AW00011678,28/07/1974,Sport Helmet Discount-2006
Dalton,Richardson,Dalton Richardson,AW00011679,05/11/1974,Mountain-100 Clearance Sale
Kaylee,Nelson,Kaylee Nelson,AW00011680,04/03/1975,Sport Helmet Discount-2006
Abigail,Jones,Abigail Jones,AW00011681,04/02/1975,Road-650 Overstock
Kaitlyn,Hall,Kaitlyn Hall,AW00011682,12/03/1980,Mountain Tire Sale
Greg,Taylor,Greg Taylor,AW00011683,05/07/1974,Sport Helmet Discount-2007
Devin,Parker,Devin Parker,AW00011684,31/03/1971,Mountain-100 Clearance Sale
Jose,Griffin,Jose Griffin,AW00011685,07/08/1970,Sport Helmet Discount-2007
Luke,Edwards,Luke Edwards,AW00011686,09/04/1976,Road-650 Overstock
Cody,Torres,Cody Torres,AW00011687,09/07/1976,Mountain Tire Sale
Victoria,Morris,Victoria Morris,AW00011688,21/12/1976,Sport Helmet Discount-2008
Ian,Diaz,Ian Diaz,AW00011689,06/03/1971,Mountain-100 Clearance Sale
Caroline,Butler,Caroline Butler,AW00011690,10/01/1976,Sport Helmet Discount-2008
Kaitlyn,Wilson,Kaitlyn Wilson,AW00011691,30/12/1974,Road-650 Overstock
Caleb,Gonzales,Caleb Gonzales,AW00011692,17/12/1969,Mountain Tire Sale
Hailey,Diaz,Hailey Diaz,AW00011693,21/09/1975,Sport Helmet Discount-2009
Jonathon,Ortega,Jonathon Ortega,AW00011694,21/09/1969,Mountain-100 Clearance Sale
Logan,Campbell,Logan Campbell,AW00011695,10/07/1969,Sport Helmet Discount-2009
Mackenzie,Campbell,Mackenzie Campbell,AW00011696,02/04/1975,Road-650 Overstock
Eduardo,Lee,Eduardo Lee,AW00011697,21/06/1975,Mountain Tire Sale
Jackson,Wright,Jackson Wright,AW00011698,22/11/1975,Sport Helmet Discount-2010
Chase,Peterson,Chase Peterson,AW00011699,12/09/1968,Mountain-100 Clearance Sale
Xavier,Richardson,Xavier Richardson,AW00011700,24/05/1969,Sport Helmet Discount-2010
David,Hayes,David Hayes,AW00011701,16/08/1985,Road-650 Overstock
Jenny,Zhou,Jenny Zhou,AW00011702,13/10/1974,Mountain Tire Sale
Kaylee,Baker,Kaylee Baker,AW00011703,22/12/1973,Sport Helmet Discount-2011
Evan,Hernandez,Evan Hernandez,AW00011704,29/11/1973,Mountain-100 Clearance Sale
Brooke,Richardson,Brooke Richardson,AW00011705,18/05/1979,Sport Helmet Discount-2011
Blake,Perez,Blake Perez,AW00011706,13/08/1968,Road-650 Overstock
Natalie,Cook,Natalie Cook,AW00011707,20/06/1969,Mountain Tire Sale
Elizabeth,Weisman,Elizabeth Weisman,AW00011708,15/09/1974,Sport Helmet Discount-2012
Hailey,Collins,Hailey Collins,AW00011709,18/08/1968,Mountain-100 Clearance Sale
Zoe,Ramirez,Zoe Ramirez,AW00011710,17/09/1967,Sport Helmet Discount-2012
Daniel,Davis,Daniel Davis,AW00011711,04/12/1973,Road-650 Overstock
Shelby,Rogers,Shelby Rogers,AW00011712,02/05/1968,Mountain Tire Sale
Kyle,Zhang,Kyle Zhang,AW00011713,17/09/1967,Sport Helmet Discount-2013
Alexandria,Long,Alexandria Long,AW00011714,16/04/1968,Mountain-100 Clearance Sale
Chloe,Robinson,Chloe Robinson,AW00011715,20/03/1968,Sport Helmet Discount-2013
Evan,Kelly,Evan Kelly,AW00011716,20/04/1967,Road-650 Overstock
Marcus,Jones,Marcus Jones,AW00011717,29/08/1972,Mountain Tire Sale
Sarah,Jones,Sarah Jones,AW00011718,10/11/1972,Sport Helmet Discount-2014
Blake,Green,Blake Green,AW00011719,05/05/1971,Mountain-100 Clearance Sale
Morgan,Morris,Morgan Morris,AW00011720,23/09/1965,Sport Helmet Discount-2014
Jennifer,Alexander,Jennifer Alexander,AW00011721,18/01/1971,Road-650 Overstock
Julian,Hughes,Julian Hughes,AW00011722,30/12/1965,Mountain Tire Sale
Luke,Coleman,Luke Coleman,AW00011723,17/02/1973,Sport Helmet Discount-2015
Jason,Carter,Jason Carter,AW00011724,12/10/1972,Mountain-100 Clearance Sale
Jose,Li,Jose Li,AW00011725,16/03/1973,Sport Helmet Discount-2015
Micah,Liang,Micah Liang,AW00011726,13/01/1973,Road-650 Overstock
Benjamin,Taylor,Benjamin Taylor,AW00011727,05/01/1973,Mountain Tire Sale
Logan,White,Logan White,AW00011728,06/07/1965,Sport Helmet Discount-2016
Caleb,Campbell,Caleb Campbell,AW00011729,03/05/1971,Mountain-100 Clearance Sale
Emma,Torres,Emma Torres,AW00011730,01/04/1966,Sport Helmet Discount-2016
Tanya,Gill,Tanya Gill,AW00011731,16/02/1966,Road-650 Overstock
Erick,Sanchez,Erick Sanchez,AW00011732,04/02/1970,Mountain Tire Sale
Kristi,Schmidt,Kristi Schmidt,AW00011733,23/07/1970,Sport Helmet Discount-2017
Omar,Chen,Omar Chen,AW00011734,21/08/1970,Mountain-100 Clearance Sale
Sydney,Gray,Sydney Gray,AW00011735,21/07/1964,Sport Helmet Discount-2017
Sebastian,Sanchez,Sebastian Sanchez,AW00011736,21/09/1970,Road-650 Overstock
Megan,Martin,Megan Martin,AW00011737,04/02/1970,Mountain Tire Sale
Elijah,Alexander,Elijah Alexander,AW00011738,05/10/1970,Sport Helmet Discount-2018
Aaron,King,Aaron King,AW00011739,10/11/1964,Mountain-100 Clearance Sale
Jan,Hall,Jan Hall,AW00011740,21/10/1964,Sport Helmet Discount-2018
Tamara,Chander,Tamara Chander,AW00011741,22/01/1965,Road-650 Overstock
Edward,Lewis,Edward Lewis,AW00011742,01/05/1964,Mountain Tire Sale
Chase,Kelly,Chase Kelly,AW00011743,09/09/1974,Sport Helmet Discount-2019
Stephanie,Campbell,Stephanie Campbell,AW00011744,06/03/1964,Mountain-100 Clearance Sale
Allison,Gonzalez,Allison Gonzalez,AW00011745,11/04/1964,Sport Helmet Discount-2019
Seth,Brooks,Seth Brooks,AW00011746,30/05/1964,Road-650 Overstock
Destiny,Davis,Destiny Davis,AW00011747,09/08/1963,Mountain Tire Sale
Blake,Hill,Blake Hill,AW00011748,15/01/1964,Sport Helmet Discount-2020
Eduardo,Jackson,Eduardo Jackson,AW00011749,09/09/1980,Mountain-100 Clearance Sale
Latoya,She,Latoya She,AW00011750,17/09/1984,Sport Helmet Discount-2020
Victoria,Gonzales,Victoria Gonzales,AW00011751,14/01/1976,Road-650 Overstock
Lauren,Bryant,Lauren Bryant,AW00011752,03/05/1981,Mountain Tire Sale
Felicia,Ortega,Felicia Ortega,AW00011753,15/09/1975,Sport Helmet Discount-2021
Janet,Ortega,Janet Ortega,AW00011754,05/01/1976,Mountain-100 Clearance Sale
Willie,Pal,Willie Pal,AW00011755,12/11/1973,Sport Helmet Discount-2021
Linda,Ortega,Linda Ortega,AW00011756,13/03/1974,Road-650 Overstock
Vincent,Cai,Vincent Cai,AW00011757,11/05/1979,Mountain Tire Sale
Colin,Yuan,Colin Yuan,AW00011758,19/12/1979,Sport Helmet Discount-2022
Dawn,Nath,Dawn Nath,AW00011759,18/11/1980,Mountain-100 Clearance Sale
Melody,Moreno,Melody Moreno,AW00011760,25/04/1973,Sport Helmet Discount-2022
Edgar,Mehta,Edgar Mehta,AW00011761,16/10/1972,Road-650 Overstock
Randall,Gomez,Randall Gomez,AW00011762,17/02/1984,Mountain Tire Sale
Ross,Fernandez,Ross Fernandez,AW00011763,10/08/1972,Sport Helmet Discount-2023
Jessie,Ramos,Jessie Ramos,AW00011764,13/01/1973,Mountain-100 Clearance Sale
Marc,Torres,Marc Torres,AW00011765,06/04/1983,Sport Helmet Discount-2023
Candace,Raman,Candace Raman,AW00011766,01/01/1972,Road-650 Overstock
Meagan,Madan,Meagan Madan,AW00011767,20/05/1977,Mountain Tire Sale
Clayton,Nara,Clayton Nara,AW00011768,03/04/1983,Sport Helmet Discount-2024
Haley,Hernandez,Haley Hernandez,AW00011769,14/02/1979,Mountain-100 Clearance Sale
Peter,Nara,Peter Nara,AW00011770,20/02/1979,Sport Helmet Discount-2024
Isaac,Rivera,Isaac Rivera,AW00011771,07/04/1979,Road-650 Overstock
Cameron,Moore,Cameron Moore,AW00011772,21/01/1984,Mountain Tire Sale
Gavin,Diaz,Gavin Diaz,AW00011773,03/01/1979,Sport Helmet Discount-2025
Emma,Sanchez,Emma Sanchez,AW00011774,10/10/1978,Mountain-100 Clearance Sale
Sierra,Roberts,Sierra Roberts,AW00011775,22/11/1978,Sport Helmet Discount-2025
Seth,Mitchell,Seth Mitchell,AW00011776,31/12/1978,Road-650 Overstock
Miranda,Long,Miranda Long,AW00011777,21/01/1978,Mountain Tire Sale
Haley,Henderson,Haley Henderson,AW00011778,17/09/1976,Sport Helmet Discount-2026
Sarah,Jackson,Sarah Jackson,AW00011779,15/01/1977,Mountain-100 Clearance Sale
Jessica,Alexander,Jessica Alexander,AW00011780,19/05/1977,Sport Helmet Discount-2026
Carlos,Gray,Carlos Gray,AW00011781,06/09/1976,Road-650 Overstock
Barbara,Jai,Barbara Jai,AW00011782,13/03/1982,Mountain Tire Sale
Sara,Mitchell,Sara Mitchell,AW00011783,13/11/1982,Sport Helmet Discount-2027
Jose,Turner,Jose Turner,AW00011784,18/06/1978,Mountain-100 Clearance Sale
Theodore,Diaz,Theodore Diaz,AW00011785,21/02/1983,Sport Helmet Discount-2027
Ian,Murphy,Ian Murphy,AW00011786,13/03/1978,Road-650 Overstock
Jerry,Nath,Jerry Nath,AW00011787,05/03/1978,Mountain Tire Sale
Destiny,James,Destiny James,AW00011788,18/08/1977,Sport Helmet Discount-2028
Bailey,Phillips,Bailey Phillips,AW00011789,16/02/1981,Mountain-100 Clearance Sale
Timothy,Gonzalez,Timothy Gonzalez,AW00011790,17/05/1981,Sport Helmet Discount-2028
Chase,Morgan,Chase Morgan,AW00011791,19/10/1975,Road-650 Overstock
Alexia,Perry,Alexia Perry,AW00011792,24/11/1974,Mountain Tire Sale
Xavier,Rogers,Xavier Rogers,AW00011793,16/03/1980,Sport Helmet Discount-2029
Lauren,Ross,Lauren Ross,AW00011794,01/05/1975,Mountain-100 Clearance Sale
Nicole,Thomas,Nicole Thomas,AW00011795,15/08/1974,Sport Helmet Discount-2029
Isabel,Jenkins,Isabel Jenkins,AW00011796,03/08/1985,Road-650 Overstock
Devin,Coleman,Devin Coleman,AW00011797,03/03/1980,Mountain Tire Sale
Brendan,Chande,Brendan Chande,AW00011798,12/08/1974,Sport Helmet Discount-2030
Jessie,Wang,Jessie Wang,AW00011799,09/09/1980,Mountain-100 Clearance Sale
Jennifer,Baker,Jennifer Baker,AW00011800,07/05/1975,Sport Helmet Discount-2030
Aaron,Sharma,Aaron Sharma,AW00011801,16/03/1975,Road-650 Overstock
Madison,Taylor,Madison Taylor,AW00011802,05/02/1977,Mountain Tire Sale
Jan,Hernandez,Jan Hernandez,AW00011803,11/03/1977,Sport Helmet Discount-2031
Haley,Turner,Haley Turner,AW00011804,15/10/1976,Mountain-100 Clearance Sale
Richard,Green,Richard Green,AW00011805,08/09/1976,Sport Helmet Discount-2031
Jennifer,Stewart,Jennifer Stewart,AW00011806,06/08/1982,Road-650 Overstock
Lucas,Baker,Lucas Baker,AW00011807,03/03/1977,Mountain Tire Sale
James,Parker,James Parker,AW00011808,10/10/1974,Sport Helmet Discount-2032
Juan,Gray,Juan Gray,AW00011809,01/07/1973,Mountain-100 Clearance Sale
Antonio,Washington,Antonio Washington,AW00011810,03/01/1978,Sport Helmet Discount-2032
Abigail,Brooks,Abigail Brooks,AW00011811,11/06/1978,Road-650 Overstock
Andrew,Rodriguez,Andrew Rodriguez,AW00011812,21/03/1973,Mountain Tire Sale
Mary,Patterson,Mary Patterson,AW00011813,11/05/1973,Sport Helmet Discount-2033
Dalton,Morgan,Dalton Morgan,AW00011814,05/01/1976,Mountain-100 Clearance Sale
Hannah,Patterson,Hannah Patterson,AW00011815,20/04/1981,Sport Helmet Discount-2033
Joe,Torres,Joe Torres,AW00011816,19/10/1981,Road-650 Overstock
Morgan,Miller,Morgan Miller,AW00011817,23/11/1981,Mountain Tire Sale
Daniel,Garcia,Daniel Garcia,AW00011818,20/10/1975,Sport Helmet Discount-2034
Jose,Lal,Jose Lal,AW00011819,08/04/1973,Mountain-100 Clearance Sale
Katelyn,Lopez,Katelyn Lopez,AW00011820,22/08/1977,Sport Helmet Discount-2034
Austin,Johnson,Austin Johnson,AW00011821,13/10/1971,Road-650 Overstock
Rohinton,Wadia,Rohinton Wadia,AW00011822,11/12/1971,Mountain Tire Sale
Morgan,Turner,Morgan Turner,AW00011823,20/10/1977,Sport Helmet Discount-2035
Jill,Martin,Jill Martin,AW00011824,03/10/1977,Mountain-100 Clearance Sale
Aimee,She,Aimee She,AW00011825,15/11/1971,Sport Helmet Discount-2035
Jessie,Alonso,Jessie Alonso,AW00011826,15/08/1971,Road-650 Overstock
Sara,Baker,Sara Baker,AW00011827,16/09/1980,Mountain Tire Sale
Katherine,Martinez,Katherine Martinez,AW00011828,04/06/1980,Sport Helmet Discount-2036
Sophia,Campbell,Sophia Campbell,AW00011829,02/05/1975,Mountain-100 Clearance Sale
Taylor,Garcia,Taylor Garcia,AW00011830,15/07/1974,Sport Helmet Discount-2036
Christian,Ross,Christian Ross,AW00011831,24/05/1975,Road-650 Overstock
Zoe,Murphy,Zoe Murphy,AW00011832,01/04/1976,Mountain Tire Sale
Oscar,Price,Oscar Price,AW00011833,16/01/1982,Sport Helmet Discount-2037
Fernando,Flores,Fernando Flores,AW00011834,20/04/1982,Mountain-100 Clearance Sale
Elijah,Russell,Elijah Russell,AW00011835,17/12/1970,Sport Helmet Discount-2037
Garrett,Travers,Garrett Travers,AW00011836,25/10/1970,Road-650 Overstock
Haley,Alexander,Haley Alexander,AW00011837,05/08/1976,Mountain Tire Sale
Justin,Rodriguez,Justin Rodriguez,AW00011838,09/08/1970,Sport Helmet Discount-2038
Tyler,Brown,Tyler Brown,AW00011839,21/07/1976,Mountain-100 Clearance Sale
Julian,Patterson,Julian Patterson,AW00011840,13/05/1976,Sport Helmet Discount-2038
Sean,Nelson,Sean Nelson,AW00011841,13/09/1969,Road-650 Overstock
Justin,Wilson,Justin Wilson,AW00011842,03/04/1970,Mountain Tire Sale
Christy,Nara,Christy Nara,AW00011843,08/11/1975,Sport Helmet Discount-2039
Michele,Alvarez,Michele Alvarez,AW00011844,06/10/1969,Mountain-100 Clearance Sale
Natalie,Jones,Natalie Jones,AW00011845,15/02/1930,Sport Helmet Discount-2039
Savannah,Reed,Savannah Reed,AW00011846,13/12/1969,Road-650 Overstock
Cassidy,Diaz,Cassidy Diaz,AW00011847,31/05/1970,Mountain Tire Sale
Joshua,Lewis,Joshua Lewis,AW00011848,24/02/1975,Sport Helmet Discount-2040
Faith,Reed,Faith Reed,AW00011849,13/03/1970,Mountain-100 Clearance Sale
Brooke,Ramirez,Brooke Ramirez,AW00011850,16/09/1980,Sport Helmet Discount-2040
Jada,Mitchell,Jada Mitchell,AW00011851,07/03/1969,Road-650 Overstock
Kyle,Russell,Kyle Russell,AW00011852,23/04/1969,Mountain Tire Sale
Grace,Jones,Grace Jones,AW00011853,15/11/1979,Sport Helmet Discount-2041
Jason,Mitchell,Jason Mitchell,AW00011854,16/10/1973,Mountain-100 Clearance Sale
Christian,Walker,Christian Walker,AW00011855,09/08/1974,Sport Helmet Discount-2041
Seth,Hernandez,Seth Hernandez,AW00011856,13/02/1969,Road-650 Overstock
Isabella,Young,Isabella Young,AW00011857,08/03/1974,Mountain Tire Sale
Jordan,Coleman,Jordan Coleman,AW00011858,05/06/1968,Sport Helmet Discount-2042
Blake,Garcia,Blake Garcia,AW00011859,08/03/1968,Mountain-100 Clearance Sale
Nicole,Walker,Nicole Walker,AW00011860,09/07/1967,Sport Helmet Discount-2042
Katherine,Carter,Katherine Carter,AW00011861,22/10/1967,Road-650 Overstock
Olivia,Peterson,Olivia Peterson,AW00011862,11/09/1972,Mountain Tire Sale
Jessica,Wood,Jessica Wood,AW00011863,10/04/1967,Sport Helmet Discount-2043
Elizabeth,Thompson,Elizabeth Thompson,AW00011864,06/03/1967,Mountain-100 Clearance Sale
Chloe,Rivera,Chloe Rivera,AW00011865,06/08/1966,Sport Helmet Discount-2043
Lucas,Scott,Lucas Scott,AW00011866,30/12/1966,Road-650 Overstock
Nathaniel,James,Nathaniel James,AW00011867,21/04/1971,Mountain Tire Sale
Jessica,Peterson,Jessica Peterson,AW00011868,31/01/1973,Sport Helmet Discount-2044
Kaitlyn,Adams,Kaitlyn Adams,AW00011869,01/05/1984,Mountain-100 Clearance Sale
Jillian,Garcia,Jillian Garcia,AW00011870,10/07/1978,Sport Helmet Discount-2044
Dalton,Bennett,Dalton Bennett,AW00011871,12/08/1978,Road-650 Overstock
Faith,Patterson,Faith Patterson,AW00011872,17/07/1978,Mountain Tire Sale
Ryan,Zhang,Ryan Zhang,AW00011873,09/10/1972,Sport Helmet Discount-2045
Adrian,Bell,Adrian Bell,AW00011874,06/03/1978,Mountain-100 Clearance Sale
Jonathan,Brown,Jonathan Brown,AW00011875,31/01/1966,Sport Helmet Discount-2045
Madison,White,Madison White,AW00011876,13/05/1966,Road-650 Overstock
Alexis,Diaz,Alexis Diaz,AW00011877,06/04/1966,Mountain Tire Sale
Christine,Nara,Christine Nara,AW00011878,04/02/1971,Sport Helmet Discount-2046
Edgar,Sai,Edgar Sai,AW00011879,30/09/1971,Mountain-100 Clearance Sale
Melissa,Sanchez,Melissa Sanchez,AW00011880,16/02/1965,Sport Helmet Discount-2046
Richard,Mitchell,Richard Mitchell,AW00011881,20/01/1965,Road-650 Overstock
Patrick,Stewart,Patrick Stewart,AW00011882,05/09/1975,Mountain Tire Sale
Hannah,Anderson,Hannah Anderson,AW00011883,10/02/1965,Sport Helmet Discount-2047
Latoya,Shen,Latoya Shen,AW00011884,22/04/1970,Mountain-100 Clearance Sale
Kurt,Sharma,Kurt Sharma,AW00011885,21/09/1970,Sport Helmet Discount-2047
Katelyn,Parker,Katelyn Parker,AW00011886,20/07/1963,Road-650 Overstock
Joseph,White,Joseph White,AW00011887,03/10/1963,Mountain Tire Sale
Aaron,Ross,Aaron Ross,AW00011888,18/12/1969,Sport Helmet Discount-2048
Blake,Patterson,Blake Patterson,AW00011889,25/11/1963,Mountain-100 Clearance Sale
Whitney,Lopez,Whitney Lopez,AW00011890,14/05/1964,Sport Helmet Discount-2048
Jamie,Liang,Jamie Liang,AW00011891,13/09/1969,Road-650 Overstock
Julio,Ortega,Julio Ortega,AW00011892,07/04/1975,Mountain Tire Sale
Orlando,Carlson,Orlando Carlson,AW00011893,09/08/1974,Sport Helmet Discount-2049
Ann,Gonzalez,Ann Gonzalez,AW00011894,30/04/1980,Mountain-100 Clearance Sale
Dustin,Chander,Dustin Chander,AW00011895,18/01/1975,Sport Helmet Discount-2049
Frank,Carlson,Frank Carlson,AW00011896,18/05/1975,Road-650 Overstock
Orlando,Ashe,Orlando Ashe,AW00011897,28/05/1974,Mountain Tire Sale
Angela,Henderson,Angela Henderson,AW00011898,31/12/1975,Sport Helmet Discount-2050
Brenda,Perez,Brenda Perez,AW00011899,15/03/1976,Mountain-100 Clearance Sale
Byron,Carlson,Byron Carlson,AW00011900,03/03/1981,Sport Helmet Discount-2050
Stacy,Alvarez,Stacy Alvarez,AW00011901,18/08/1973,Road-650 Overstock
Drew,Pal,Drew Pal,AW00011902,14/09/1972,Mountain Tire Sale
Kate,Raji,Kate Raji,AW00011903,21/10/1985,Sport Helmet Discount-2051
Kaylee,Cook,Kaylee Cook,AW00011904,05/05/1986,Mountain-100 Clearance Sale
Isaiah,Ramirez,Isaiah Ramirez,AW00011905,14/12/1974,Sport Helmet Discount-2051
Gabriella,Sanders,Gabriella Sanders,AW00011906,17/08/1972,Road-650 Overstock
Sarah,Garcia,Sarah Garcia,AW00011907,07/03/1973,Mountain Tire Sale
Rafael,Tang,Rafael Tang,AW00011908,08/01/1972,Sport Helmet Discount-2052
Nichole,She,Nichole She,AW00011909,10/08/1971,Mountain-100 Clearance Sale
Jaclyn,Zheng,Jaclyn Zheng,AW00011910,10/12/1971,Sport Helmet Discount-2052
Rachael,Kapoor,Rachael Kapoor,AW00011911,15/05/1972,Road-650 Overstock
Rachael,Sai,Rachael Sai,AW00011912,16/06/1971,Mountain Tire Sale
Rebecca,Robinson,Rebecca Robinson,AW00011913,09/12/1970,Sport Helmet Discount-2053
Meagan,Rana,Meagan Rana,AW00011914,05/05/1979,Mountain-100 Clearance Sale
Philip,Carlson,Philip Carlson,AW00011915,13/09/1973,Sport Helmet Discount-2053
Joe,Rana,Joe Rana,AW00011916,03/09/1976,Road-650 Overstock
Roy,Sanz,Roy Sanz,AW00011917,21/04/1971,Mountain Tire Sale
Kaylee,Hill,Kaylee Hill,AW00011918,31/08/1969,Sport Helmet Discount-2054
Warren,Andersen,Warren Andersen,AW00011919,17/08/1969,Mountain-100 Clearance Sale
Adrienne,Gomez,Adrienne Gomez,AW00011920,24/02/1975,Sport Helmet Discount-2054
Gilbert,Zhu,Gilbert Zhu,AW00011921,22/06/1970,Road-650 Overstock
James,Davis,James Davis,AW00011922,13/02/1985,Mountain Tire Sale
Sarah,Bryant,Sarah Bryant,AW00011923,21/04/1985,Sport Helmet Discount-2055
Ian,Long,Ian Long,AW00011924,23/04/1985,Mountain-100 Clearance Sale
Ashlee,Jai,Ashlee Jai,AW00011925,05/05/1984,Sport Helmet Discount-2055
Eduardo,Foster,Eduardo Foster,AW00011926,15/09/1983,Road-650 Overstock
Nicole,Murphy,Nicole Murphy,AW00011927,21/01/1984,Mountain Tire Sale
Isabella,Morris,Isabella Morris,AW00011928,06/03/1984,Sport Helmet Discount-2056
Virginia,Gonzalez,Virginia Gonzalez,AW00011929,08/08/1962,Mountain-100 Clearance Sale
Jaclyn,Nara,Jaclyn Nara,AW00011930,31/10/1952,Sport Helmet Discount-2056
Marcus,Adams,Marcus Adams,AW00011931,12/05/1984,Road-650 Overstock
Elizabeth,Coleman,Elizabeth Coleman,AW00011932,08/02/1984,Mountain Tire Sale
Mathew,Rubio,Mathew Rubio,AW00011933,01/09/1982,Sport Helmet Discount-2057
Justin,Shan,Justin Shan,AW00011934,13/04/1983,Mountain-100 Clearance Sale
Jessica,Taylor,Jessica Taylor,AW00011935,19/05/1983,Sport Helmet Discount-2057
Hunter,Clark,Hunter Clark,AW00011936,09/10/1982,Road-650 Overstock
Devin,Perez,Devin Perez,AW00011937,03/12/1982,Mountain Tire Sale
Seth,Alexander,Seth Alexander,AW00011938,21/03/1983,Sport Helmet Discount-2058
Kevin,Washington,Kevin Washington,AW00011939,20/12/1982,Mountain-100 Clearance Sale
Tyler,Miller,Tyler Miller,AW00011940,09/01/1983,Sport Helmet Discount-2058
Adam,Roberts,Adam Roberts,AW00011941,26/05/1982,Road-650 Overstock
George,Gonzalez,George Gonzalez,AW00011942,11/12/1954,Mountain Tire Sale
Dawn,Huang,Dawn Huang,AW00011943,27/08/1954,Sport Helmet Discount-2059
Rachael,Rodriguez,Rachael Rodriguez,AW00011944,13/04/1956,Mountain-100 Clearance Sale
Dennis,Huang,Dennis Huang,AW00011945,11/03/1986,Sport Helmet Discount-2059
Brandy,Saunders,Brandy Saunders,AW00011946,02/07/1956,Road-650 Overstock
Jenny,Zheng,Jenny Zheng,AW00011947,20/04/1957,Mountain Tire Sale
Tasha,Xu,Tasha Xu,AW00011948,07/10/1956,Sport Helmet Discount-2060
Julia,Brooks,Julia Brooks,AW00011949,05/05/1986,Mountain-100 Clearance Sale
Jordan,Carter,Jordan Carter,AW00011950,09/03/1985,Sport Helmet Discount-2060
Lacey,Huang,Lacey Huang,AW00011951,03/02/1958,Road-650 Overstock
Dorothy,Robinson,Dorothy Robinson,AW00011952,22/03/1960,Mountain Tire Sale
Courtney,Wright,Courtney Wright,AW00011953,03/03/1981,Sport Helmet Discount-2061
Joseph,Garcia,Joseph Garcia,AW00011954,13/02/1981,Mountain-100 Clearance Sale
Gabriel,Green,Gabriel Green,AW00011955,02/10/1980,Sport Helmet Discount-2061
Alexandria,Sandberg,Alexandria Sandberg,AW00011956,30/08/1985,Road-650 Overstock
Courtney,Hernandez,Courtney Hernandez,AW00011957,09/02/1979,Mountain Tire Sale
Dylan,Lal,Dylan Lal,AW00011958,06/07/1978,Sport Helmet Discount-2062
Elizabeth,Davis,Elizabeth Davis,AW00011959,05/10/1978,Mountain-100 Clearance Sale
Ana,Griffin,Ana Griffin,AW00011960,31/12/1978,Sport Helmet Discount-2062
Anne,Alvarez,Anne Alvarez,AW00011961,22/12/1978,Road-650 Overstock
Alexandra,Roberts,Alexandra Roberts,AW00011962,28/05/1982,Mountain Tire Sale
Antonio,Patterson,Antonio Patterson,AW00011963,10/12/1960,Sport Helmet Discount-2063
Sharon,Salavaria,Sharon Salavaria,AW00011964,13/02/1967,Mountain-100 Clearance Sale
Katie,She,Katie She,AW00011965,18/04/1962,Sport Helmet Discount-2063
